GLU, 1, ALA, 2, 3.808
ALA, 2, GLU, 3, 3.815
GLU, 3, LYS, 4, 3.824
LYS, 4, CYS, 5, 3.811
CYS, 5, THR, 6, 3.813
THR, 6, LYS, 7, 3.815
LYS, 7, PRO, 8, 3.862
PRO, 8, ASN, 9, 3.825
ASN, 9, GLU, 10, 3.811
GLU, 10, GLN, 11, 3.810
GLN, 11, TRP, 12, 3.789
TRP, 12, THR, 13, 3.776
THR, 13, LYS, 14, 3.794
LYS, 14, CYS, 15, 3.816
CYS, 15, GLY, 16, 3.811
GLY, 16, GLY, 17, 3.805
GLY, 17, CYS, 18, 3.802
CYS, 18, GLU, 19, 3.798
GLU, 19, GLY, 20, 3.808
GLY, 20, THR, 21, 3.796
THR, 21, CYS, 22, 3.792
CYS, 22, ALA, 23, 3.802
ALA, 23, GLN, 24, 3.826
GLN, 24, LYS, 25, 3.811
LYS, 25, ILE, 26, 3.815
ILE, 26, VAL, 27, 3.793
VAL, 27, PRO, 28, 3.863
PRO, 28, CYS, 29, 3.791
CYS, 29, THR, 30, 3.784
THR, 30, ARG, 31, 3.794
ARG, 31, GLU, 32, 3.817
GLU, 32, CYS, 33, 3.820
CYS, 33, LYS, 34, 3.814
LYS, 34, PRO, 35, 3.839
PRO, 35, PRO, 36, 3.847
PRO, 36, ARG, 37, 3.818
ARG, 37, CYS, 38, 3.823
CYS, 38, GLU, 39, 3.817
GLU, 39, CYS, 40, 3.814
CYS, 40, ILE, 41, 3.832
ILE, 41, ALA, 42, 3.824
ALA, 42, SER, 43, 3.809
SER, 43, ALA, 44, 3.817
ALA, 44, GLY, 45, 3.815
GLY, 45, PHE, 46, 3.813
PHE, 46, VAL, 47, 3.825
VAL, 47, ARG, 48, 3.807
ARG, 48, ASP, 49, 3.808
ASP, 49, ALA, 50, 3.801
ALA, 50, GLN, 51, 3.794
GLN, 51, GLY, 52, 3.799
GLY, 52, ASN, 53, 3.818
ASN, 53, CYS, 54, 3.812
CYS, 54, ILE, 55, 3.804
ILE, 55, LYS, 56, 3.811
LYS, 56, PHE, 57, 3.810
PHE, 57, GLU, 58, 3.811
GLU, 58, ASP, 59, 3.814
ASP, 59, CYS, 60, 3.809
CYS, 60, PRO, 61, 3.826
PRO, 61, LYS, 62, 3.815
